create database DB_TIENDA_VIRTUAL;
  
use DB_TIENDA_VIRTUAL;

-- Tabla : Categorias
drop table if exists Categorias;
create table Categorias(
	IdCategoria CHAR(6) NOT NULL,
    Descripcion VARCHAR(50) NOT NULL,
    Foto VARCHAR(50) NOT NULL,
    Estado CHAR(1) NOT NULL,
	check(Estado IN ('0','1')),
    primary key(IdCategoria)
);

insert Categorias values('Cat001','Laptops','cat001.png','1'),
('Cat002','Partes de Computadoras','cat002.png','1'),
('Cat003','Redes','cat003.png','1'),
('Cat004','Electronica','cat004.png','1'),
('Cat005','Seguridad','cat005.png','1'),
('Cat006','Gamming','cat006.png','1');

drop table if exists Productos;
create table Productos(
	IdProducto CHAR(6) NOT NULL,
    IdCategoria VARCHAR(6) NOT NULL,
    Nombre VARCHAR(70) NOT NULL,
    PrecioUnidad DECIMAL(7,2) NOT NULL,
    Stock INT NOT NULL,
    Foto VARCHAR(50) NOT NULL,
    Descripcion_corta VARCHAR(900) NOT NULL,
    Descripcion_larga VARCHAR(900) NOT NULL,
    Estado CHAR(1) NOT NULL,
    CHECK(PrecioUnidad > 0),
    CHECK(Stock > 0),
    CHECK(Estado IN ('0','1')),
    PRIMARY KEY(IdProducto),
    FOREIGN KEY(IdCategoria) REFERENCES Categorias(IdCategoria)
);

select * from Productos;
truncate table Productos;

insert Productos values('pro001','Cat001','Dell Inspiron 15 5567 - Core i5 7200U',674.65,10,'pro001_01.png,pro001_02.png,pro001_03.png','Donec venenatis volutpat facilisis. Sed pharetra condimentum suscipit. Aliquam tristique leo eget purus tristique, sit amet hendrerit eros commodo. Sed eleifend elit metus, in ornare diam vehicula sit amet.','Etiam vitae nisi vel libero fermentum imperdiet. Vivamus consequat velit sed purus condimentum gravida. Maecenas vulputate ipsum eu blandit scelerisque. Donec vitae turpis at odio ornare pellentesque non ut odio. Nunc sed orci nec mauris faucibus rutrum. Nam egestas sem et gravida molestie. Mauris in aliquam ligula. Nullam eget tincidunt arcu, sed imperdiet neque. Sed nec nibh non eros euismod egestas fringilla ut ligula. In sed mattis mi, in ornare justo. Sed porttitor turpis sed ornare blandit. Nullam mollis mollis mauris, nec aliquet neque laoreet eget. Fusce condimentum pellentesque erat.','1');
insert Productos values('pro002','Cat001','Dell - Alienware 17 R4 - Core i7 7700HQ',1900.89,10,'pro002_01.png,pro002_02.png,pro002_03.png','Donec venenatis volutpat facilisis. Sed pharetra condimentum suscipit. Aliquam tristique leo eget purus tristique, sit amet hendrerit eros commodo. Sed eleifend elit metus, in ornare diam vehicula sit amet.','Etiam vitae nisi vel libero fermentum imperdiet. Vivamus consequat velit sed purus condimentum gravida. Maecenas vulputate ipsum eu blandit scelerisque. Donec vitae turpis at odio ornare pellentesque non ut odio. Nunc sed orci nec mauris faucibus rutrum. Nam egestas sem et gravida molestie. Mauris in aliquam ligula. Nullam eget tincidunt arcu, sed imperdiet neque. Sed nec nibh non eros euismod egestas fringilla ut ligula. In sed mattis mi, in ornare justo. Sed porttitor turpis sed ornare blandit. Nullam mollis mollis mauris, nec aliquet neque laoreet eget. Fusce condimentum pellentesque erat.','1');
insert Productos values('pro003','Cat001','Lenovo 110-15IBR 80T7 - Celeron N3060',328.41,10,'pro003_01.png,pro003_02.png,pro003_03.png','Donec venenatis volutpat facilisis. Sed pharetra condimentum suscipit. Aliquam tristique leo eget purus tristique, sit amet hendrerit eros commodo. Sed eleifend elit metus, in ornare diam vehicula sit amet.','Etiam vitae nisi vel libero fermentum imperdiet. Vivamus consequat velit sed purus condimentum gravida. Maecenas vulputate ipsum eu blandit scelerisque. Donec vitae turpis at odio ornare pellentesque non ut odio. Nunc sed orci nec mauris faucibus rutrum. Nam egestas sem et gravida molestie. Mauris in aliquam ligula. Nullam eget tincidunt arcu, sed imperdiet neque. Sed nec nibh non eros euismod egestas fringilla ut ligula. In sed mattis mi, in ornare justo. Sed porttitor turpis sed ornare blandit. Nullam mollis mollis mauris, nec aliquet neque laoreet eget. Fusce condimentum pellentesque erat.','1');
insert Productos values('pro004','Cat001','Razer BladeStealth - 7th Gen Intel Core i7-7500U ',786.38,10,'pro004_01.png,pro004_02.png,pro004_03.png','Donec venenatis volutpat facilisis. Sed pharetra condimentum suscipit. Aliquam tristique leo eget purus tristique, sit amet hendrerit eros commodo. Sed eleifend elit metus, in ornare diam vehicula sit amet.','Etiam vitae nisi vel libero fermentum imperdiet. Vivamus consequat velit sed purus condimentum gravida. Maecenas vulputate ipsum eu blandit scelerisque. Donec vitae turpis at odio ornare pellentesque non ut odio. Nunc sed orci nec mauris faucibus rutrum. Nam egestas sem et gravida molestie. Mauris in aliquam ligula. Nullam eget tincidunt arcu, sed imperdiet neque. Sed nec nibh non eros euismod egestas fringilla ut ligula. In sed mattis mi, in ornare justo. Sed porttitor turpis sed ornare blandit. Nullam mollis mollis mauris, nec aliquet neque laoreet eget. Fusce condimentum pellentesque erat.','1');
insert Productos values('pro005','Cat001','Lenovo ThinkPad X1 Carbon 20HQ - Ultrabook - Core i5 7200U',1435.59,10,'pro005_01.png,pro005_02.png,pro005_03.png','Donec venenatis volutpat facilisis. Sed pharetra condimentum suscipit. Aliquam tristique leo eget purus tristique, sit amet hendrerit eros commodo. Sed eleifend elit metus, in ornare diam vehicula sit amet.','Etiam vitae nisi vel libero fermentum imperdiet. Vivamus consequat velit sed purus condimentum gravida. Maecenas vulputate ipsum eu blandit scelerisque. Donec vitae turpis at odio ornare pellentesque non ut odio. Nunc sed orci nec mauris faucibus rutrum. Nam egestas sem et gravida molestie. Mauris in aliquam ligula. Nullam eget tincidunt arcu, sed imperdiet neque. Sed nec nibh non eros euismod egestas fringilla ut ligula. In sed mattis mi, in ornare justo. Sed porttitor turpis sed ornare blandit. Nullam mollis mollis mauris, nec aliquet neque laoreet eget. Fusce condimentum pellentesque erat.','1');
insert Productos values('pro006','Cat001','Asus Rog G752VYT Core i7-6700',9068.00,10,'pro006_01.png,pro006_02.png,pro006_03.png','Donec venenatis volutpat facilisis. Sed pharetra condimentum suscipit. Aliquam tristique leo eget purus tristique, sit amet hendrerit eros commodo. Sed eleifend elit metus, in ornare diam vehicula sit amet.','Etiam vitae nisi vel libero fermentum imperdiet. Vivamus consequat velit sed purus condimentum gravida. Maecenas vulputate ipsum eu blandit scelerisque. Donec vitae turpis at odio ornare pellentesque non ut odio. Nunc sed orci nec mauris faucibus rutrum. Nam egestas sem et gravida molestie. Mauris in aliquam ligula. Nullam eget tincidunt arcu, sed imperdiet neque. Sed nec nibh non eros euismod egestas fringilla ut ligula. In sed mattis mi, in ornare justo. Sed porttitor turpis sed ornare blandit. Nullam mollis mollis mauris, nec aliquet neque laoreet eget. Fusce condimentum pellentesque erat.','1');
insert Productos values('pro007','Cat002','Mainboard Gigabyte B150-HD3 , 4 conectores DIMM DDR4, 6 conectores SATA 6Gb',308.99,10,'pro007_01.png,pro007_02.png,pro007_03.png','Donec venenatis volutpat facilisis. Sed pharetra condimentum suscipit. Aliquam tristique leo eget purus tristique, sit amet hendrerit eros commodo. Sed eleifend elit metus, in ornare diam vehicula sit amet.','Etiam vitae nisi vel libero fermentum imperdiet. Vivamus consequat velit sed purus condimentum gravida. Maecenas vulputate ipsum eu blandit scelerisque. Donec vitae turpis at odio ornare pellentesque non ut odio. Nunc sed orci nec mauris faucibus rutrum. Nam egestas sem et gravida molestie. Mauris in aliquam ligula. Nullam eget tincidunt arcu, sed imperdiet neque. Sed nec nibh non eros euismod egestas fringilla ut ligula. In sed mattis mi, in ornare justo. Sed porttitor turpis sed ornare blandit. Nullam mollis mollis mauris, nec aliquet neque laoreet eget. Fusce condimentum pellentesque erat.','1');
insert Productos values('pro008','Cat002','Tarjeta de Video PNY Quadro K620, 2GB, 128 Bit, DDR3',724.39,10,'pro008_01.png,pro008_02.png,pro008_03.png','Donec venenatis volutpat facilisis. Sed pharetra condimentum suscipit. Aliquam tristique leo eget purus tristique, sit amet hendrerit eros commodo. Sed eleifend elit metus, in ornare diam vehicula sit amet.','Etiam vitae nisi vel libero fermentum imperdiet. Vivamus consequat velit sed purus condimentum gravida. Maecenas vulputate ipsum eu blandit scelerisque. Donec vitae turpis at odio ornare pellentesque non ut odio. Nunc sed orci nec mauris faucibus rutrum. Nam egestas sem et gravida molestie. Mauris in aliquam ligula. Nullam eget tincidunt arcu, sed imperdiet neque. Sed nec nibh non eros euismod egestas fringilla ut ligula. In sed mattis mi, in ornare justo. Sed porttitor turpis sed ornare blandit. Nullam mollis mollis mauris, nec aliquet neque laoreet eget. Fusce condimentum pellentesque erat.','1');
insert Productos values('pro009','Cat002','Tarjeta de Video Asus Dual RX 480 4GB DDR5 256BIT',985.00,10,'pro009_01.png,pro009_02.png,pro009_03.png','Donec venenatis volutpat facilisis. Sed pharetra condimentum suscipit. Aliquam tristique leo eget purus tristique, sit amet hendrerit eros commodo. Sed eleifend elit metus, in ornare diam vehicula sit amet.','Etiam vitae nisi vel libero fermentum imperdiet. Vivamus consequat velit sed purus condimentum gravida. Maecenas vulputate ipsum eu blandit scelerisque. Donec vitae turpis at odio ornare pellentesque non ut odio. Nunc sed orci nec mauris faucibus rutrum. Nam egestas sem et gravida molestie. Mauris in aliquam ligula. Nullam eget tincidunt arcu, sed imperdiet neque. Sed nec nibh non eros euismod egestas fringilla ut ligula. In sed mattis mi, in ornare justo. Sed porttitor turpis sed ornare blandit. Nullam mollis mollis mauris, nec aliquet neque laoreet eget. Fusce condimentum pellentesque erat.','1');
insert Productos values('pro010','Cat002','Memoria RAM Corsair 16GB DDR4 ',353.23,10,'pro010_01.png,pro010_02.png,pro010_03.png','Donec venenatis volutpat facilisis. Sed pharetra condimentum suscipit. Aliquam tristique leo eget purus tristique, sit amet hendrerit eros commodo. Sed eleifend elit metus, in ornare diam vehicula sit amet.','Etiam vitae nisi vel libero fermentum imperdiet. Vivamus consequat velit sed purus condimentum gravida. Maecenas vulputate ipsum eu blandit scelerisque. Donec vitae turpis at odio ornare pellentesque non ut odio. Nunc sed orci nec mauris faucibus rutrum. Nam egestas sem et gravida molestie. Mauris in aliquam ligula. Nullam eget tincidunt arcu, sed imperdiet neque. Sed nec nibh non eros euismod egestas fringilla ut ligula. In sed mattis mi, in ornare justo. Sed porttitor turpis sed ornare blandit. Nullam mollis mollis mauris, nec aliquet neque laoreet eget. Fusce condimentum pellentesque erat.','1');
insert Productos values('pro011','Cat002','Procesador Intel Core i9-7900X ( BX80673I97900X ) 3.3GHZ-13.75MB',4359.00,10,'pro011_01.png,pro011_02.png,pro011_03.png','Donec venenatis volutpat facilisis. Sed pharetra condimentum suscipit. Aliquam tristique leo eget purus tristique, sit amet hendrerit eros commodo. Sed eleifend elit metus, in ornare diam vehicula sit amet.','Etiam vitae nisi vel libero fermentum imperdiet. Vivamus consequat velit sed purus condimentum gravida. Maecenas vulputate ipsum eu blandit scelerisque. Donec vitae turpis at odio ornare pellentesque non ut odio. Nunc sed orci nec mauris faucibus rutrum. Nam egestas sem et gravida molestie. Mauris in aliquam ligula. Nullam eget tincidunt arcu, sed imperdiet neque. Sed nec nibh non eros euismod egestas fringilla ut ligula. In sed mattis mi, in ornare justo. Sed porttitor turpis sed ornare blandit. Nullam mollis mollis mauris, nec aliquet neque laoreet eget. Fusce condimentum pellentesque erat.','1');
insert Productos values('pro012','Cat002','Mainboard Gigabyte G1.Sniper B7',410.20,10,'pro012_01.png,pro012_02.png,pro012_03.png','Donec venenatis volutpat facilisis. Sed pharetra condimentum suscipit. Aliquam tristique leo eget purus tristique, sit amet hendrerit eros commodo. Sed eleifend elit metus, in ornare diam vehicula sit amet.','Etiam vitae nisi vel libero fermentum imperdiet. Vivamus consequat velit sed purus condimentum gravida. Maecenas vulputate ipsum eu blandit scelerisque. Donec vitae turpis at odio ornare pellentesque non ut odio. Nunc sed orci nec mauris faucibus rutrum. Nam egestas sem et gravida molestie. Mauris in aliquam ligula. Nullam eget tincidunt arcu, sed imperdiet neque. Sed nec nibh non eros euismod egestas fringilla ut ligula. In sed mattis mi, in ornare justo. Sed porttitor turpis sed ornare blandit. Nullam mollis mollis mauris, nec aliquet neque laoreet eget. Fusce condimentum pellentesque erat.','1');
insert Productos values('pro013','Cat003','Extensor de Cobertura WiFi Universal a 150Mbps - TL-WA750RE',97.49,10,'pro013_01.png,pro013_02.png,pro013_03.png','Donec venenatis volutpat facilisis. Sed pharetra condimentum suscipit. Aliquam tristique leo eget purus tristique, sit amet hendrerit eros commodo. Sed eleifend elit metus, in ornare diam vehicula sit amet.','Etiam vitae nisi vel libero fermentum imperdiet. Vivamus consequat velit sed purus condimentum gravida. Maecenas vulputate ipsum eu blandit scelerisque. Donec vitae turpis at odio ornare pellentesque non ut odio. Nunc sed orci nec mauris faucibus rutrum. Nam egestas sem et gravida molestie. Mauris in aliquam ligula. Nullam eget tincidunt arcu, sed imperdiet neque. Sed nec nibh non eros euismod egestas fringilla ut ligula. In sed mattis mi, in ornare justo. Sed porttitor turpis sed ornare blandit. Nullam mollis mollis mauris, nec aliquet neque laoreet eget. Fusce condimentum pellentesque erat.','1');
insert Productos values('pro014','Cat003','Router Inalámbrico TP-Link, TL-WR720N, 150MBPS, 2 LAN, mas 1 WAN',58.91,10,'pro014_01.png,pro014_02.png,pro014_03.png','Donec venenatis volutpat facilisis. Sed pharetra condimentum suscipit. Aliquam tristique leo eget purus tristique, sit amet hendrerit eros commodo. Sed eleifend elit metus, in ornare diam vehicula sit amet.','Etiam vitae nisi vel libero fermentum imperdiet. Vivamus consequat velit sed purus condimentum gravida. Maecenas vulputate ipsum eu blandit scelerisque. Donec vitae turpis at odio ornare pellentesque non ut odio. Nunc sed orci nec mauris faucibus rutrum. Nam egestas sem et gravida molestie. Mauris in aliquam ligula. Nullam eget tincidunt arcu, sed imperdiet neque. Sed nec nibh non eros euismod egestas fringilla ut ligula. In sed mattis mi, in ornare justo. Sed porttitor turpis sed ornare blandit. Nullam mollis mollis mauris, nec aliquet neque laoreet eget. Fusce condimentum pellentesque erat.','1');
insert Productos values('pro015','Cat003','D-Link DGS-1008A Unmanaged Gigabit Ethernet Switch',22.37,10,'pro015_01.png,pro015_02.png,pro015_03.png','Donec venenatis volutpat facilisis. Sed pharetra condimentum suscipit. Aliquam tristique leo eget purus tristique, sit amet hendrerit eros commodo. Sed eleifend elit metus, in ornare diam vehicula sit amet.','Etiam vitae nisi vel libero fermentum imperdiet. Vivamus consequat velit sed purus condimentum gravida. Maecenas vulputate ipsum eu blandit scelerisque. Donec vitae turpis at odio ornare pellentesque non ut odio. Nunc sed orci nec mauris faucibus rutrum. Nam egestas sem et gravida molestie. Mauris in aliquam ligula. Nullam eget tincidunt arcu, sed imperdiet neque. Sed nec nibh non eros euismod egestas fringilla ut ligula. In sed mattis mi, in ornare justo. Sed porttitor turpis sed ornare blandit. Nullam mollis mollis mauris, nec aliquet neque laoreet eget. Fusce condimentum pellentesque erat.','1');
insert Productos values('pro016','Cat003','D-Link DGS 1024D - Conmutador - sin gestionar',98.02,10,'pro016_01.png,pro016_02.png,pro016_03.png','Donec venenatis volutpat facilisis. Sed pharetra condimentum suscipit. Aliquam tristique leo eget purus tristique, sit amet hendrerit eros commodo. Sed eleifend elit metus, in ornare diam vehicula sit amet.','Etiam vitae nisi vel libero fermentum imperdiet. Vivamus consequat velit sed purus condimentum gravida. Maecenas vulputate ipsum eu blandit scelerisque. Donec vitae turpis at odio ornare pellentesque non ut odio. Nunc sed orci nec mauris faucibus rutrum. Nam egestas sem et gravida molestie. Mauris in aliquam ligula. Nullam eget tincidunt arcu, sed imperdiet neque. Sed nec nibh non eros euismod egestas fringilla ut ligula. In sed mattis mi, in ornare justo. Sed porttitor turpis sed ornare blandit. Nullam mollis mollis mauris, nec aliquet neque laoreet eget. Fusce condimentum pellentesque erat.','1');
insert Productos values('pro017','Cat003','D-Link Web Smart DGS-1210-20 - Conmutador - Gestionado',187.84,10,'pro017_01.png,pro017_02.png,pro017_03.png','Donec venenatis volutpat facilisis. Sed pharetra condimentum suscipit. Aliquam tristique leo eget purus tristique, sit amet hendrerit eros commodo. Sed eleifend elit metus, in ornare diam vehicula sit amet.','Etiam vitae nisi vel libero fermentum imperdiet. Vivamus consequat velit sed purus condimentum gravida. Maecenas vulputate ipsum eu blandit scelerisque. Donec vitae turpis at odio ornare pellentesque non ut odio. Nunc sed orci nec mauris faucibus rutrum. Nam egestas sem et gravida molestie. Mauris in aliquam ligula. Nullam eget tincidunt arcu, sed imperdiet neque. Sed nec nibh non eros euismod egestas fringilla ut ligula. In sed mattis mi, in ornare justo. Sed porttitor turpis sed ornare blandit. Nullam mollis mollis mauris, nec aliquet neque laoreet eget. Fusce condimentum pellentesque erat.','1');
insert Productos values('pro018','Cat003','Router Inalámbrico N de Alta Potencia de 300Mbps - TL-WR841HP',145.51,10,'pro018_01.png,pro018_02.png,pro018_03.png','Donec venenatis volutpat facilisis. Sed pharetra condimentum suscipit. Aliquam tristique leo eget purus tristique, sit amet hendrerit eros commodo. Sed eleifend elit metus, in ornare diam vehicula sit amet.','Etiam vitae nisi vel libero fermentum imperdiet. Vivamus consequat velit sed purus condimentum gravida. Maecenas vulputate ipsum eu blandit scelerisque. Donec vitae turpis at odio ornare pellentesque non ut odio. Nunc sed orci nec mauris faucibus rutrum. Nam egestas sem et gravida molestie. Mauris in aliquam ligula. Nullam eget tincidunt arcu, sed imperdiet neque. Sed nec nibh non eros euismod egestas fringilla ut ligula. In sed mattis mi, in ornare justo. Sed porttitor turpis sed ornare blandit. Nullam mollis mollis mauris, nec aliquet neque laoreet eget. Fusce condimentum pellentesque erat.','1');
insert Productos values('pro019','Cat004','Klip Xtreme - Adaptador de audio Bluetooth',12.82,10,'pro019_01.png,pro019_02.png,pro019_03.png','Donec venenatis volutpat facilisis. Sed pharetra condimentum suscipit. Aliquam tristique leo eget purus tristique, sit amet hendrerit eros commodo. Sed eleifend elit metus, in ornare diam vehicula sit amet.','Etiam vitae nisi vel libero fermentum imperdiet. Vivamus consequat velit sed purus condimentum gravida. Maecenas vulputate ipsum eu blandit scelerisque. Donec vitae turpis at odio ornare pellentesque non ut odio. Nunc sed orci nec mauris faucibus rutrum. Nam egestas sem et gravida molestie. Mauris in aliquam ligula. Nullam eget tincidunt arcu, sed imperdiet neque. Sed nec nibh non eros euismod egestas fringilla ut ligula. In sed mattis mi, in ornare justo. Sed porttitor turpis sed ornare blandit. Nullam mollis mollis mauris, nec aliquet neque laoreet eget. Fusce condimentum pellentesque erat.','1');
insert Productos values('pro020','Cat004','Xtech - HDMI Splitter - 1 Input to 4 Outputs',20.56,10,'pro020_01.png,pro020_02.png,pro020_03.png','Donec venenatis volutpat facilisis. Sed pharetra condimentum suscipit. Aliquam tristique leo eget purus tristique, sit amet hendrerit eros commodo. Sed eleifend elit metus, in ornare diam vehicula sit amet.','Etiam vitae nisi vel libero fermentum imperdiet. Vivamus consequat velit sed purus condimentum gravida. Maecenas vulputate ipsum eu blandit scelerisque. Donec vitae turpis at odio ornare pellentesque non ut odio. Nunc sed orci nec mauris faucibus rutrum. Nam egestas sem et gravida molestie. Mauris in aliquam ligula. Nullam eget tincidunt arcu, sed imperdiet neque. Sed nec nibh non eros euismod egestas fringilla ut ligula. In sed mattis mi, in ornare justo. Sed porttitor turpis sed ornare blandit. Nullam mollis mollis mauris, nec aliquet neque laoreet eget. Fusce condimentum pellentesque erat.','1');
insert Productos values('pro021','Cat004','Klip Xtreme - Headset OverEar BT',5.14,10,'pro021_01.png,pro021_02.png,pro021_03.png','Donec venenatis volutpat facilisis. Sed pharetra condimentum suscipit. Aliquam tristique leo eget purus tristique, sit amet hendrerit eros commodo. Sed eleifend elit metus, in ornare diam vehicula sit amet.','Etiam vitae nisi vel libero fermentum imperdiet. Vivamus consequat velit sed purus condimentum gravida. Maecenas vulputate ipsum eu blandit scelerisque. Donec vitae turpis at odio ornare pellentesque non ut odio. Nunc sed orci nec mauris faucibus rutrum. Nam egestas sem et gravida molestie. Mauris in aliquam ligula. Nullam eget tincidunt arcu, sed imperdiet neque. Sed nec nibh non eros euismod egestas fringilla ut ligula. In sed mattis mi, in ornare justo. Sed porttitor turpis sed ornare blandit. Nullam mollis mollis mauris, nec aliquet neque laoreet eget. Fusce condimentum pellentesque erat.','1');
insert Productos values('pro022','Cat004','Microsoft LifeCam HD-3000 - CÃ¡mara web - color',24.82,10,'pro022_01.png,pro022_02.png,pro022_03.png','Donec venenatis volutpat facilisis. Sed pharetra condimentum suscipit. Aliquam tristique leo eget purus tristique, sit amet hendrerit eros commodo. Sed eleifend elit metus, in ornare diam vehicula sit amet.','Etiam vitae nisi vel libero fermentum imperdiet. Vivamus consequat velit sed purus condimentum gravida. Maecenas vulputate ipsum eu blandit scelerisque. Donec vitae turpis at odio ornare pellentesque non ut odio. Nunc sed orci nec mauris faucibus rutrum. Nam egestas sem et gravida molestie. Mauris in aliquam ligula. Nullam eget tincidunt arcu, sed imperdiet neque. Sed nec nibh non eros euismod egestas fringilla ut ligula. In sed mattis mi, in ornare justo. Sed porttitor turpis sed ornare blandit. Nullam mollis mollis mauris, nec aliquet neque laoreet eget. Fusce condimentum pellentesque erat.','1');
insert Productos values('pro023','Cat004','Microsoft LifeCam Studio - CÃ¡mara web - color',53.41,10,'pro023_01jpg,pro023_02jpg,pro023_03jpg','Donec venenatis volutpat facilisis. Sed pharetra condimentum suscipit. Aliquam tristique leo eget purus tristique, sit amet hendrerit eros commodo. Sed eleifend elit metus, in ornare diam vehicula sit amet.','Etiam vitae nisi vel libero fermentum imperdiet. Vivamus consequat velit sed purus condimentum gravida. Maecenas vulputate ipsum eu blandit scelerisque. Donec vitae turpis at odio ornare pellentesque non ut odio. Nunc sed orci nec mauris faucibus rutrum. Nam egestas sem et gravida molestie. Mauris in aliquam ligula. Nullam eget tincidunt arcu, sed imperdiet neque. Sed nec nibh non eros euismod egestas fringilla ut ligula. In sed mattis mi, in ornare justo. Sed porttitor turpis sed ornare blandit. Nullam mollis mollis mauris, nec aliquet neque laoreet eget. Fusce condimentum pellentesque erat.','1');
insert Productos values('pro024','Cat004','Xtech XTS-375WH - Speakers - Wired',9.27,10,'pro024_01.png,pro024_02.png,pro024_03.png','Donec venenatis volutpat facilisis. Sed pharetra condimentum suscipit. Aliquam tristique leo eget purus tristique, sit amet hendrerit eros commodo. Sed eleifend elit metus, in ornare diam vehicula sit amet.','Etiam vitae nisi vel libero fermentum imperdiet. Vivamus consequat velit sed purus condimentum gravida. Maecenas vulputate ipsum eu blandit scelerisque. Donec vitae turpis at odio ornare pellentesque non ut odio. Nunc sed orci nec mauris faucibus rutrum. Nam egestas sem et gravida molestie. Mauris in aliquam ligula. Nullam eget tincidunt arcu, sed imperdiet neque. Sed nec nibh non eros euismod egestas fringilla ut ligula. In sed mattis mi, in ornare justo. Sed porttitor turpis sed ornare blandit. Nullam mollis mollis mauris, nec aliquet neque laoreet eget. Fusce condimentum pellentesque erat.','1');
insert Productos values('pro025','Cat005','Cámara Domo Dahua DH-SD49225I-HC-S2 PTZ 25X + Fuente DC12V3A',1257.26,10,'pro025_01.png,pro025_02.png,pro025_03.png','Donec venenatis volutpat facilisis. Sed pharetra condimentum suscipit. Aliquam tristique leo eget purus tristique, sit amet hendrerit eros commodo. Sed eleifend elit metus, in ornare diam vehicula sit amet.','Etiam vitae nisi vel libero fermentum imperdiet. Vivamus consequat velit sed purus condimentum gravida. Maecenas vulputate ipsum eu blandit scelerisque. Donec vitae turpis at odio ornare pellentesque non ut odio. Nunc sed orci nec mauris faucibus rutrum. Nam egestas sem et gravida molestie. Mauris in aliquam ligula. Nullam eget tincidunt arcu, sed imperdiet neque. Sed nec nibh non eros euismod egestas fringilla ut ligula. In sed mattis mi, in ornare justo. Sed porttitor turpis sed ornare blandit. Nullam mollis mollis mauris, nec aliquet neque laoreet eget. Fusce condimentum pellentesque erat.','1');
insert Productos values('pro026','Cat005','Cámara Domo Exterior Plast Dahua DH-HAC-HDW1200R-S3',97.76,10,'pro026_01.png,pro026_02.png,pro026_03.png','Donec venenatis volutpat facilisis. Sed pharetra condimentum suscipit. Aliquam tristique leo eget purus tristique, sit amet hendrerit eros commodo. Sed eleifend elit metus, in ornare diam vehicula sit amet.','Etiam vitae nisi vel libero fermentum imperdiet. Vivamus consequat velit sed purus condimentum gravida. Maecenas vulputate ipsum eu blandit scelerisque. Donec vitae turpis at odio ornare pellentesque non ut odio. Nunc sed orci nec mauris faucibus rutrum. Nam egestas sem et gravida molestie. Mauris in aliquam ligula. Nullam eget tincidunt arcu, sed imperdiet neque. Sed nec nibh non eros euismod egestas fringilla ut ligula. In sed mattis mi, in ornare justo. Sed porttitor turpis sed ornare blandit. Nullam mollis mollis mauris, nec aliquet neque laoreet eget. Fusce condimentum pellentesque erat.','1');
insert Productos values('pro027','Cat005','Cámara Domo Dahua DH-SD49225I-HC-S2 PTZ 25X + Fuente DC12V3A , 2.0MP',1623.23,10,'pro027_01.png,pro027_02.png,pro027_03.png','Donec venenatis volutpat facilisis. Sed pharetra condimentum suscipit. Aliquam tristique leo eget purus tristique, sit amet hendrerit eros commodo. Sed eleifend elit metus, in ornare diam vehicula sit amet.','Etiam vitae nisi vel libero fermentum imperdiet. Vivamus consequat velit sed purus condimentum gravida. Maecenas vulputate ipsum eu blandit scelerisque. Donec vitae turpis at odio ornare pellentesque non ut odio. Nunc sed orci nec mauris faucibus rutrum. Nam egestas sem et gravida molestie. Mauris in aliquam ligula. Nullam eget tincidunt arcu, sed imperdiet neque. Sed nec nibh non eros euismod egestas fringilla ut ligula. In sed mattis mi, in ornare justo. Sed porttitor turpis sed ornare blandit. Nullam mollis mollis mauris, nec aliquet neque laoreet eget. Fusce condimentum pellentesque erat.','1');
insert Productos values('pro028','Cat005','DVR 4 Canales Plástico HikVision DS-7104HGHI-SH 720P HD',193.66,10,'pro028_01.png,pro028_02.png,pro028_03.png','Donec venenatis volutpat facilisis. Sed pharetra condimentum suscipit. Aliquam tristique leo eget purus tristique, sit amet hendrerit eros commodo. Sed eleifend elit metus, in ornare diam vehicula sit amet.','Etiam vitae nisi vel libero fermentum imperdiet. Vivamus consequat velit sed purus condimentum gravida. Maecenas vulputate ipsum eu blandit scelerisque. Donec vitae turpis at odio ornare pellentesque non ut odio. Nunc sed orci nec mauris faucibus rutrum. Nam egestas sem et gravida molestie. Mauris in aliquam ligula. Nullam eget tincidunt arcu, sed imperdiet neque. Sed nec nibh non eros euismod egestas fringilla ut ligula. In sed mattis mi, in ornare justo. Sed porttitor turpis sed ornare blandit. Nullam mollis mollis mauris, nec aliquet neque laoreet eget. Fusce condimentum pellentesque erat.','1');
insert Productos values('pro029','Cat005','Cámara Mini Domo Dahua DH-HAC-HDW1200EMN-A, Resolución 1080P, 2.0 MP',125.61,10,'pro029_01.png,pro029_02.png,pro029_03.png','Donec venenatis volutpat facilisis. Sed pharetra condimentum suscipit. Aliquam tristique leo eget purus tristique, sit amet hendrerit eros commodo. Sed eleifend elit metus, in ornare diam vehicula sit amet.','Etiam vitae nisi vel libero fermentum imperdiet. Vivamus consequat velit sed purus condimentum gravida. Maecenas vulputate ipsum eu blandit scelerisque. Donec vitae turpis at odio ornare pellentesque non ut odio. Nunc sed orci nec mauris faucibus rutrum. Nam egestas sem et gravida molestie. Mauris in aliquam ligula. Nullam eget tincidunt arcu, sed imperdiet neque. Sed nec nibh non eros euismod egestas fringilla ut ligula. In sed mattis mi, in ornare justo. Sed porttitor turpis sed ornare blandit. Nullam mollis mollis mauris, nec aliquet neque laoreet eget. Fusce condimentum pellentesque erat.','1');
insert Productos values('pro030','Cat005','Cámara IP Giratoria WiFi Dahua DH-IPC-A15, Resolución 720p, 1.3MP, Lente 3.6mm',357.79,10,'pro030_01.png,pro030_02.png,pro030_03.png','Donec venenatis volutpat facilisis. Sed pharetra condimentum suscipit. Aliquam tristique leo eget purus tristique, sit amet hendrerit eros commodo. Sed eleifend elit metus, in ornare diam vehicula sit amet.','Etiam vitae nisi vel libero fermentum imperdiet. Vivamus consequat velit sed purus condimentum gravida. Maecenas vulputate ipsum eu blandit scelerisque. Donec vitae turpis at odio ornare pellentesque non ut odio. Nunc sed orci nec mauris faucibus rutrum. Nam egestas sem et gravida molestie. Mauris in aliquam ligula. Nullam eget tincidunt arcu, sed imperdiet neque. Sed nec nibh non eros euismod egestas fringilla ut ligula. In sed mattis mi, in ornare justo. Sed porttitor turpis sed ornare blandit. Nullam mollis mollis mauris, nec aliquet neque laoreet eget. Fusce condimentum pellentesque erat.','1');
insert Productos values('pro031','Cat006','Teclado Mecánico Logitech G410 Atlas Spectrum',422.15,10,'pro031_01.png,pro031_02.png,pro031_03.png','Donec venenatis volutpat facilisis. Sed pharetra condimentum suscipit. Aliquam tristique leo eget purus tristique, sit amet hendrerit eros commodo. Sed eleifend elit metus, in ornare diam vehicula sit amet.','Etiam vitae nisi vel libero fermentum imperdiet. Vivamus consequat velit sed purus condimentum gravida. Maecenas vulputate ipsum eu blandit scelerisque. Donec vitae turpis at odio ornare pellentesque non ut odio. Nunc sed orci nec mauris faucibus rutrum. Nam egestas sem et gravida molestie. Mauris in aliquam ligula. Nullam eget tincidunt arcu, sed imperdiet neque. Sed nec nibh non eros euismod egestas fringilla ut ligula. In sed mattis mi, in ornare justo. Sed porttitor turpis sed ornare blandit. Nullam mollis mollis mauris, nec aliquet neque laoreet eget. Fusce condimentum pellentesque erat.','1');
insert Productos values('pro032','Cat006','Audífono Razer Kraken 7.1 Sonido Envolvente Virtual, Chroma USB Gaming Black con Micrófono',396.96,10,'pro032_01.png,pro032_02.png,pro032_03.png','Donec venenatis volutpat facilisis. Sed pharetra condimentum suscipit. Aliquam tristique leo eget purus tristique, sit amet hendrerit eros commodo. Sed eleifend elit metus, in ornare diam vehicula sit amet.','Etiam vitae nisi vel libero fermentum imperdiet. Vivamus consequat velit sed purus condimentum gravida. Maecenas vulputate ipsum eu blandit scelerisque. Donec vitae turpis at odio ornare pellentesque non ut odio. Nunc sed orci nec mauris faucibus rutrum. Nam egestas sem et gravida molestie. Mauris in aliquam ligula. Nullam eget tincidunt arcu, sed imperdiet neque. Sed nec nibh non eros euismod egestas fringilla ut ligula. In sed mattis mi, in ornare justo. Sed porttitor turpis sed ornare blandit. Nullam mollis mollis mauris, nec aliquet neque laoreet eget. Fusce condimentum pellentesque erat.','1');
insert Productos values('pro033','Cat006','Teclado Razer BlackWidow Chroma Mechanical Gaming USB Black',312.52,10,'pro033_01.png,pro033_02.png,pro033_03.png','Donec venenatis volutpat facilisis. Sed pharetra condimentum suscipit. Aliquam tristique leo eget purus tristique, sit amet hendrerit eros commodo. Sed eleifend elit metus, in ornare diam vehicula sit amet.','Etiam vitae nisi vel libero fermentum imperdiet. Vivamus consequat velit sed purus condimentum gravida. Maecenas vulputate ipsum eu blandit scelerisque. Donec vitae turpis at odio ornare pellentesque non ut odio. Nunc sed orci nec mauris faucibus rutrum. Nam egestas sem et gravida molestie. Mauris in aliquam ligula. Nullam eget tincidunt arcu, sed imperdiet neque. Sed nec nibh non eros euismod egestas fringilla ut ligula. In sed mattis mi, in ornare justo. Sed porttitor turpis sed ornare blandit. Nullam mollis mollis mauris, nec aliquet neque laoreet eget. Fusce condimentum pellentesque erat.','1');
insert Productos values('pro034','Cat006','Kit Gamer Teclado +Mouse CM Storm Devastador LED ',145.07,10,'pro034_01.png,pro034_02.png,pro034_03.png','Donec venenatis volutpat facilisis. Sed pharetra condimentum suscipit. Aliquam tristique leo eget purus tristique, sit amet hendrerit eros commodo. Sed eleifend elit metus, in ornare diam vehicula sit amet.','Etiam vitae nisi vel libero fermentum imperdiet. Vivamus consequat velit sed purus condimentum gravida. Maecenas vulputate ipsum eu blandit scelerisque. Donec vitae turpis at odio ornare pellentesque non ut odio. Nunc sed orci nec mauris faucibus rutrum. Nam egestas sem et gravida molestie. Mauris in aliquam ligula. Nullam eget tincidunt arcu, sed imperdiet neque. Sed nec nibh non eros euismod egestas fringilla ut ligula. In sed mattis mi, in ornare justo. Sed porttitor turpis sed ornare blandit. Nullam mollis mollis mauris, nec aliquet neque laoreet eget. Fusce condimentum pellentesque erat.','1');
insert Productos values('pro035','Cat006','Mouse Gamer Asus Rog Spatha, 8200 DPI, Rastreo Láser, Iluminación Personalizada',326.58,10,'pro035_01.png,pro035_02.png,pro035_03.png','Donec venenatis volutpat facilisis. Sed pharetra condimentum suscipit. Aliquam tristique leo eget purus tristique, sit amet hendrerit eros commodo. Sed eleifend elit metus, in ornare diam vehicula sit amet.','Etiam vitae nisi vel libero fermentum imperdiet. Vivamus consequat velit sed purus condimentum gravida. Maecenas vulputate ipsum eu blandit scelerisque. Donec vitae turpis at odio ornare pellentesque non ut odio. Nunc sed orci nec mauris faucibus rutrum. Nam egestas sem et gravida molestie. Mauris in aliquam ligula. Nullam eget tincidunt arcu, sed imperdiet neque. Sed nec nibh non eros euismod egestas fringilla ut ligula. In sed mattis mi, in ornare justo. Sed porttitor turpis sed ornare blandit. Nullam mollis mollis mauris, nec aliquet neque laoreet eget. Fusce condimentum pellentesque erat.','1');
insert Productos values('pro036','Cat006','TMouse Gamer Intense Devices ID-976GT Black',75.53,10,'pro036_01.png,pro036_02.png,pro036_03.png','Donec venenatis volutpat facilisis. Sed pharetra condimentum suscipit. Aliquam tristique leo eget purus tristique, sit amet hendrerit eros commodo. Sed eleifend elit metus, in ornare diam vehicula sit amet.','Etiam vitae nisi vel libero fermentum imperdiet. Vivamus consequat velit sed purus condimentum gravida. Maecenas vulputate ipsum eu blandit scelerisque. Donec vitae turpis at odio ornare pellentesque non ut odio. Nunc sed orci nec mauris faucibus rutrum. Nam egestas sem et gravida molestie. Mauris in aliquam ligula. Nullam eget tincidunt arcu, sed imperdiet neque. Sed nec nibh non eros euismod egestas fringilla ut ligula. In sed mattis mi, in ornare justo. Sed porttitor turpis sed ornare blandit. Nullam mollis mollis mauris, nec aliquet neque laoreet eget. Fusce condimentum pellentesque erat.','1');



select ifnull(max(IdFactura),0) + 1  from FACCAB;

 drop table if exists FACCAB;
create table FACCAB(
IdFactura int primary key,
IdCliente Char(8) not null,
FechaFactura datetime,
MontoTotal DECIMAL(7,2)
);
--
select * from FACCAB;
select * from FACDET;



create table FACDET(
IdFactura int,
IdProducto char(6),
Cantidad int,
PrecioUnidad decimal(7,2)
);
select * from cliente;
select dni, apellidos, nombres, correo from cliente where dni='70562515' and contrasena='qwert';
insert into cliente values('70562515','contreras','jesus','asdasd@gmail.com','qwert');
insert into cliente values('44444444','sadasd','asdasd','asdas','1234');
create table cliente(
dni char(8) primary key not null,
apellidos varchar(50),
nombres varchar(50),
correo varchar(30),
contrasena varchar(50)
);
 
 'sdsd